NOC,Year,Total_Medals,Age,Height,Weight,ID,Prev_Medals
AFG,2008,1,21.0,183.0,63.0,1,0.0
AFG,2012,1,25.0,183.0,63.0,1,1.0
AHO,1988,1,19.0,175.70476,72.63659,1,0.0
ALG,1984,2,23.0,170.78888,64.98333,2,0.0
ALG,1992,2,21.5,161.5,54.5,2,2.0
ALG,1996,3,23.0,173.33333,65.0,3,2.0
ALG,2000,5,24.6,179.4,65.4,5,3.0
ALG,2008,2,24.5,170.5,71.0,2,5.0
ALG,2012,1,24.0,170.0,67.0,1,2.0
ALG,2016,2,28.0,170.0,67.0,2,1.0
ANZ,1908,5,22.6,175.5,68.666664,5,0.0
ANZ,1912,7,24.0,188.0,84.0,7,5.0
ARG,1924,6,24.166666,189.5,90.0,6,0.0
ARG,1928,7,21.285715,176.31372,76.92647,7,6.0
ARG,1932,4,19.5,173.25,55.0,4,7.0
ARG,1936,7,25.142857,176.31372,76.92647,7,4.0
ARG,1948,7,27.142857,171.5,60.5,7,7.0
ARG,1952,5,26.6,175.0,101.0,5,7.0
ARG,1956,2,23.5,180.0,139.0,2,5.0
ARG,1960,2,33.0,171.5,67.5,2,2.0
ARG,1964,1,34.0,170.0,65.0,1,2.0
ARG,1968,2,23.0,174.0,77.5,2,1.0
ARG,1972,1,28.0,184.0,88.0,1,2.0
ARG,1988,2,22.5,185.0,73.5,2,1.0
ARG,1992,1,25.0,183.0,74.0,1,2.0
ARG,1996,3,22.333334,170.0,66.333336,3,1.0
ARG,2000,4,26.25,168.75,64.75,4,3.0
ARG,2004,6,27.0,175.83333,71.5,6,4.0
ARG,2008,6,30.0,171.5,68.666664,6,6.0
ARG,2012,4,26.75,181.75,73.75,4,6.0
ARG,2016,4,29.0,172.75,71.75,4,4.0
ARM,1996,2,22.0,157.5,56.0,2,0.0
ARM,2000,1,24.0,170.0,77.0,1,2.0
ARM,2008,6,24.333334,174.2,78.166664,6,1.0
ARM,2012,3,23.0,175.33333,83.333336,3,6.0
ARM,2016,4,22.75,179.25,102.5,4,3.0
AUS,1896,3,22.0,177.69322,73.33301,3,0.0
AUS,1900,6,22.0,178.0,71.0,6,3.0
AUS,1904,4,22.0,177.69322,73.33301,4,6.0
AUS,1906,3,23.333334,177.69322,73.33301,3,4.0
AUS,1920,3,28.0,174.33333,70.333336,3,3.0
AUS,1924,6,24.666666,175.83333,68.0,6,3.0
AUS,1928,4,20.75,184.66667,92.0,4,6.0
AUS,1932,5,22.0,176.0,95.5,5,4.0
AUS,1936,1,24.0,183.0,80.0,1,5.0
AUS,1948,13,24.307692,170.66667,57.0,13,1.0
AUS,1952,11,23.727272,172.0,62.7,11,13.0
AUS,1956,35,21.705883,176.33333,67.63158,35,11.0
AUS,1960,22,23.09091,176.45454,70.666664,22,35.0
AUS,1964,18,24.38889,174.16667,69.94444,18,22.0
AUS,1968,17,20.941177,176.17647,68.94118,17,18.0
AUS,1972,17,19.764706,171.94118,66.29412,17,17.0
AUS,1976,5,24.2,180.25,72.75,5,17.0
AUS,1980,9,20.222221,180.44444,76.0,9,5.0
AUS,1984,24,23.833334,181.79167,79.5,24,9.0
AUS,1988,14,22.857143,176.71428,70.07143,14,24.0
AUS,1992,27,23.481482,178.18518,74.03704,27,14.0
AUS,1996,41,24.219513,179.02438,76.70731,41,27.0
AUS,2000,58,25.689655,180.27586,75.77586,58,41.0
AUS,2004,50,25.02,178.9,75.24,50,58.0
AUS,2008,46,24.413044,180.13043,73.58696,46,50.0
AUS,2012,35,24.8,179.31429,73.65714,35,46.0
AUS,2016,29,25.103449,180.03448,72.655174,29,35.0
AUT,1896,5,21.6,176.384,74.5589,5,0.0
AUT,1900,6,21.5,176.5,74.5589,6,5.0
AUT,1904,4,27.0,168.75,74.5589,4,6.0
AUT,1906,9,24.222221,177.0,114.0,9,4.0
AUT,1908,1,18.0,176.384,74.5589,1,9.0
AUT,1912,4,24.75,176.384,74.5589,4,1.0
AUT,1924,4,27.0,176.384,78.5,4,4.0
AUT,1928,4,26.75,170.0,59.0,4,4.0
AUT,1932,5,23.8,176.4,74.5589,5,4.0
AUT,1936,17,27.058823,173.0,67.0,17,5.0
AUT,1948,8,39.875,170.0,71.5,8,17.0
AUT,1952,2,24.5,173.0,74.5589,2,8.0
AUT,1956,2,28.5,176.5,80.0,2,2.0
AUT,1960,2,32.0,176.0,79.0,2,2.0
AUT,1968,4,26.25,180.5,74.75,4,2.0
AUT,1972,3,24.0,177.33333,69.666664,3,4.0
AUT,1976,1,32.0,183.0,74.0,1,3.0
AUT,1980,4,29.5,177.75,75.25,4,1.0
AUT,1984,3,27.0,177.66667,76.333336,3,4.0
AUT,1988,1,28.0,186.0,86.0,1,3.0
AUT,1992,2,35.0,188.0,79.0,2,1.0
AUT,1996,3,28.0,180.0,73.333336,3,2.0
AUT,2000,3,30.0,172.66667,65.333336,3,3.0
AUT,2004,7,27.571428,180.71428,76.28571,7,3.0
AUT,2008,3,26.0,172.66667,60.666668,3,7.0
AUT,2016,1,23.0,167.0,57.0,1,3.0
AZE,1996,1,25.0,167.0,55.0,1,0.0
AZE,2000,3,28.333334,169.66667,70.666664,3,1.0
AZE,2004,5,30.8,168.0,63.4,5,3.0
AZE,2008,7,24.285715,170.71428,71.0,7,5.0
AZE,2012,10,23.4,172.1,73.6,10,7.0
AZE,2016,18,26.944445,177.83333,77.22222,18,10.0
BAH,1956,1,33.0,187.0,95.0,1,0.0
BAH,1964,1,41.0,188.0,90.0,1,1.0
BAH,1992,1,27.0,185.0,82.0,1,1.0
BAH,1996,1,31.0,165.0,58.0,1,1.0
BAH,2000,3,30.0,170.0,63.333332,3,1.0
BAH,2004,2,28.0,168.0,61.0,2,3.0
BAH,2008,2,24.0,183.0,73.5,2,2.0
BAH,2012,1,33.0,178.0,75.0,1,2.0
BAH,2016,2,29.5,181.5,72.0,2,1.0
BAR,2000,1,24.0,182.0,78.0,1,0.0
BDI,1996,1,22.0,176.0,60.0,1,0.0
BDI,2016,1,23.0,166.0,60.0,1,1.0
BEL,1900,18,35.363636,177.46373,75.08596,18,0.0
BEL,1906,7,27.833334,177.46373,75.08596,7,18.0
BEL,1908,8,28.0,177.46373,78.0,8,7.0
BEL,1912,6,30.4,177.46373,77.0,6,8.0
BEL,1920,42,34.24138,177.46373,75.08596,42,6.0
BEL,1924,13,28.363636,177.46373,75.08596,13,42.0
BEL,1928,3,26.952547,177.46373,75.08596,3,13.0
BEL,1932,1,24.0,177.46373,75.08596,1,3.0
BEL,1936,3,43.666668,177.46373,75.08596,3,1.0
BEL,1948,7,24.714285,173.0,61.0,7,3.0
BEL,1952,4,19.75,177.46373,75.08596,4,7.0
BEL,1956,2,23.0,179.0,76.0,2,4.0
BEL,1960,4,24.75,182.0,79.0,4,2.0
BEL,1964,3,22.666666,175.0,72.0,3,4.0
BEL,1968,2,23.0,179.0,109.0,2,3.0
BEL,1972,2,23.5,171.5,65.0,2,2.0
BEL,1976,6,24.666666,182.16667,74.166664,6,2.0
BEL,1980,1,26.0,187.0,95.0,1,6.0
BEL,1984,4,19.75,174.75,72.0,4,1.0
BEL,1988,2,33.0,183.5,90.5,2,4.0
BEL,1992,3,24.333334,176.66667,76.333336,3,2.0
BEL,1996,6,24.166666,177.83333,77.333336,6,3.0
BEL,2000,5,29.6,170.8,61.8,5,6.0
BEL,2004,3,27.0,173.0,64.333336,3,5.0
BEL,2008,2,26.0,177.0,59.5,2,3.0
BEL,2012,3,26.0,171.33333,64.0,3,2.0
BEL,2016,6,27.0,183.33333,74.666664,6,3.0
BER,1976,1,25.0,187.0,90.0,1,0.0
BLR,1996,15,25.4,179.57143,86.92857,15,0.0
BLR,2000,17,29.058823,176.64706,81.617645,17,15.0
BLR,2004,13,26.0,178.15384,79.76923,13,17.0
BLR,2008,18,26.166666,179.55556,84.166664,18,13.0
BLR,2012,12,26.333334,176.33333,70.63636,12,18.0
BLR,2016,9,27.11111,174.0,85.0,9,12.0
BOH,1900,3,30.666666,175.70476,72.63659,3,0.0
BOH,1906,2,18.0,175.70476,72.63659,2,3.0
BOH,1908,2,38.0,175.70476,72.63659,2,2.0
BOT,2012,1,18.0,179.0,60.0,1,0.0
BRA,1920,3,33.333332,178.0,77.92249,3,0.0
BRA,1948,1,23.0,183.0,77.0,1,3.0
BRA,1952,3,21.666666,182.0,71.5,3,1.0
BRA,1956,1,29.0,178.0,69.0,1,3.0
BRA,1960,2,28.0,183.5,77.0,2,1.0
BRA,1964,1,28.0,190.0,90.0,1,2.0
BRA,1968,3,23.333334,173.66667,66.666664,3,1.0
BRA,1972,2,29.0,181.0,82.0,2,3.0
BRA,1976,2,28.0,182.5,77.0,2,2.0
BRA,1980,4,25.25,182.25,72.75,4,2.0
BRA,1984,8,23.75,177.875,76.875,8,4.0
BRA,1988,6,27.833334,182.5,77.0,6,8.0
BRA,1992,3,25.333334,200.5,92.5,3,6.0
BRA,1996,15,26.933332,185.35715,80.5,15,3.0
BRA,2000,12,28.75,184.58333,81.583336,12,15.0
BRA,2004,10,30.3,180.9,77.3,10,12.0
BRA,2008,16,26.875,181.8125,78.4375,16,10.0
BRA,2012,17,25.411764,179.05882,78.17647,17,16.0
BRA,2016,19,26.0,176.57895,77.31579,19,17.0
BRN,2012,1,27.0,170.0,61.0,1,0.0
BRN,2016,2,25.5,158.5,50.0,2,1.0
BUL,1952,1,23.0,172.00275,72.76828,1,0.0
BUL,1956,5,28.6,175.0,79.0,5,1.0
BUL,1960,7,24.857143,169.85715,68.0,7,5.0
BUL,1964,10,28.0,173.2,79.888885,10,7.0
BUL,1968,9,26.555555,173.44444,77.0,9,10.0
BUL,1972,21,24.857143,169.7619,74.14286,21,9.0
BUL,1976,22,25.227272,171.90909,76.045456,22,21.0
BUL,1980,41,24.146341,174.04878,76.731705,41,22.0
BUL,1988,35,23.8,170.4,68.51428,35,41.0
BUL,1992,16,25.8125,172.125,75.0625,16,35.0
BUL,1996,15,26.2,169.26666,65.2,15,16.0
BUL,2000,13,25.846153,173.46153,74.53846,13,15.0
BUL,2004,12,27.416666,174.16667,72.5,12,13.0
BUL,2008,5,26.2,170.4,70.4,5,12.0
BUL,2012,2,29.0,176.0,81.5,2,5.0
BUL,2016,3,24.0,167.0,53.0,3,2.0
CAN,1900,2,27.0,169.0,65.0,2,0.0
CAN,1904,6,30.5,185.0,94.0,6,2.0
CAN,1906,2,28.0,166.0,54.0,2,6.0
CAN,1908,16,27.266666,175.33333,72.888885,16,2.0
CAN,1912,8,24.875,180.5,72.0,8,16.0
CAN,1920,9,21.625,165.8,81.75,9,8.0
CAN,1924,4,34.5,179.5,66.0,4,9.0
CAN,1928,15,21.733334,172.77777,62.22222,15,4.0
CAN,1932,16,26.933332,173.2,62.4,16,15.0
CAN,1936,9,24.88889,177.25,68.75,9,16.0
CAN,1948,4,28.0,176.30972,72.39405,4,9.0
CAN,1952,3,25.333334,176.30972,75.0,3,4.0
CAN,1956,6,23.333334,171.4,73.6,6,3.0
CAN,1960,1,23.0,190.0,86.0,1,6.0
CAN,1964,4,22.5,187.0,88.75,4,1.0
CAN,1968,5,18.8,170.0,69.0,5,4.0
CAN,1972,5,20.2,180.4,70.0,5,5.0
CAN,1976,11,18.0,175.27272,63.727272,11,5.0
CAN,1984,44,23.25,179.09091,75.22727,44,11.0
CAN,1988,10,24.7,177.4,72.5,10,44.0
CAN,1992,18,25.38889,181.27777,80.388885,18,10.0
CAN,1996,22,26.59091,179.81818,74.72727,22,18.0
CAN,2000,14,24.357143,175.21428,72.92857,14,22.0
CAN,2004,12,27.083334,171.58333,71.083336,12,14.0
CAN,2008,19,28.947369,176.26315,73.710526,19,12.0
CAN,2012,18,26.222221,175.88889,72.0,18,19.0
CAN,2016,22,25.318182,172.77272,64.59091,22,18.0
CHI,1928,1,28.0,171.0,61.0,1,0.0
CHI,1952,2,36.0,177.66667,73.97222,2,1.0
CHI,1956,4,23.5,172.0,72.5,4,2.0
CHI,1988,1,31.0,186.0,85.0,1,4.0
CHI,2000,1,20.0,173.0,62.0,1,1.0
CHI,2004,3,24.666666,182.0,81.333336,3,1.0
CHI,2008,1,28.0,182.0,82.0,1,3.0
CHN,1984,32,21.6875,165.15625,60.0,32,0.0
CHN,1988,28,21.107143,167.71428,62.535713,28,32.0
CHN,1992,53,22.150944,165.33333,60.35849,53,28.0
CHN,1996,50,23.18,166.94,62.97,50,53.0
CHN,2000,58,22.551723,166.86208,61.439655,58,50.0
CHN,2004,63,23.650793,169.49207,65.36508,63,58.0
CHN,2008,100,23.59,169.85,63.74,100,63.0
CHN,2012,88,23.704546,170.81818,65.079544,88,100.0
CHN,2016,70,25.014286,171.84285,66.2,70,88.0
CIV,1984,1,20.0,180.0,75.0,1,0.0
CIV,2016,2,22.0,181.0,72.5,2,1.0
CMR,1968,1,27.0,165.0,67.0,1,0.0
CMR,1984,1,18.0,165.0,64.0,1,1.0
CMR,2000,1,22.0,185.0,82.0,1,1.0
CMR,2004,1,28.0,172.0,63.0,1,1.0
CMR,2008,1,32.0,172.0,63.0,1,1.0
COL,1900,1,30.0,170.41667,63.06482,1,0.0
COL,1972,3,21.666666,169.0,64.333336,3,1.0
COL,1984,1,35.0,178.0,78.0,1,3.0
COL,1988,1,19.0,169.0,54.0,1,1.0
COL,1992,1,23.0,175.0,58.0,1,1.0
COL,2000,1,35.0,170.0,78.0,1,1.0
COL,2004,2,35.0,167.0,52.0,2,1.0
COL,2008,2,24.5,165.0,60.0,2,2.0
COL,2012,8,24.625,172.5,63.25,8,2.0
COL,2016,8,26.625,168.25,60.0,8,8.0
CRC,1988,1,17.0,192.0,75.0,1,0.0
CRC,1996,1,23.0,191.0,76.0,1,1.0
CRC,2000,2,27.0,191.0,76.0,2,1.0
CRO,1992,3,21.666666,192.66667,79.0,3,0.0
CRO,1996,2,27.5,200.5,93.0,2,3.0
CRO,2000,2,29.5,178.5,81.5,2,2.0
CRO,2004,5,25.2,189.8,87.6,5,2.0
CRO,2008,5,23.0,176.2,67.2,5,5.0
CRO,2012,6,27.333334,186.0,88.166664,6,5.0
CRO,2016,10,27.5,186.1,83.8,10,6.0
CUB,1900,2,16.0,173.77344,71.83782,2,0.0
CUB,1904,4,25.0,173.77344,71.83782,4,2.0
CUB,1948,1,44.0,173.77344,71.83782,1,4.0
CUB,1964,1,26.0,167.0,67.0,1,1.0
CUB,1968,4,24.0,172.0,65.25,4,1.0
CUB,1972,8,20.625,175.0,70.125,8,4.0
CUB,1976,13,22.692308,180.38461,71.84615,13,8.0
CUB,1980,20,23.85,173.05,69.9,20,13.0
CUB,1992,31,23.64516,172.86667,73.96667,31,20.0
CUB,1996,25,25.28,173.08,71.64,25,31.0
CUB,2000,29,26.137932,175.17241,72.793106,29,25.0
CUB,2004,27,26.296297,170.96297,71.14815,27,29.0
CUB,2008,24,23.958334,174.375,74.125,24,27.0
CUB,2012,14,24.785715,174.57143,75.71429,14,24.0
CUB,2016,11,25.09091,176.81818,78.545456,11,14.0
CYP,2012,1,22.0,183.0,82.0,1,0.0
CZE,1996,11,25.90909,179.45454,73.72727,11,0.0
CZE,2000,8,28.375,177.125,75.5,8,11.0
CZE,2004,9,24.11111,179.44444,76.0,9,8.0
CZE,2008,6,26.833334,179.0,77.0,6,9.0
CZE,2012,10,26.4,182.2,78.6,10,6.0
CZE,2016,10,27.9,188.0,87.3,10,10.0
DEN,1896,6,25.0,178.0923,77.28494,6,0.0
DEN,1900,7,28.571428,178.0923,77.28494,7,6.0
DEN,1906,6,24.5,178.0923,77.28494,6,7.0
DEN,1908,5,25.2,178.0923,77.5,5,6.0
DEN,1912,12,28.083334,170.0,77.28494,12,5.0
DEN,1920,13,26.923077,178.0923,77.28494,13,12.0
DEN,1924,11,31.727272,168.0,77.28494,11,13.0
DEN,1928,9,28.555555,170.0,77.28494,9,11.0
DEN,1932,8,28.0,170.25,77.28494,8,9.0
DEN,1936,5,21.6,178.0923,77.28494,5,8.0
DEN,1948,22,27.318182,172.0,70.5,22,5.0
DEN,1952,6,26.666666,182.0,85.0,6,22.0
DEN,1956,4,28.0,182.0,85.0,4,6.0
DEN,1960,6,28.666666,176.66667,75.833336,6,4.0
DEN,1964,6,27.833334,180.33333,77.666664,6,6.0
DEN,1968,8,26.625,180.0,74.875,8,6.0
DEN,1972,1,25.0,176.0,75.0,1,8.0
DEN,1976,3,29.666666,177.66667,75.0,3,1.0
DEN,1980,5,27.2,177.8,72.2,5,3.0
DEN,1984,6,25.666666,182.83333,76.833336,6,5.0
DEN,1988,4,28.5,183.25,80.75,4,6.0
DEN,1992,6,26.833334,184.0,86.8,6,4.0
DEN,1996,6,26.0,181.0,71.25,6,6.0
DEN,2000,6,29.166666,179.33333,75.333336,6,6.0
DEN,2004,8,28.625,178.875,80.25,8,6.0
DEN,2008,9,29.444445,182.66667,75.44444,9,8.0
DEN,2012,9,27.666666,183.88889,80.77778,9,9.0
DEN,2016,15,25.866667,179.46666,72.4,15,9.0
DJI,1988,1,31.0,180.0,64.0,1,0.0
DOM,1984,1,22.0,175.125,61.0,1,0.0
DOM,2004,1,26.0,178.0,64.0,1,1.0
DOM,2008,2,26.0,164.0,62.0,2,1.0
DOM,2012,2,26.0,175.5,61.0,2,2.0
DOM,2016,1,22.0,183.0,57.0,1,2.0
ECU,1996,1,22.0,167.0,60.0,1,0.0
ECU,2008,1,34.0,167.0,60.0,1,1.0
EGY,1928,4,21.5,181.25333,84.71905,4,0.0
EGY,1936,5,21.6,181.25333,69.2,5,4.0
EGY,1948,5,27.333334,181.25333,63.333332,5,5.0
EGY,1952,1,24.0,181.25333,84.71905,1,5.0
EGY,1984,1,28.0,198.0,140.0,1,1.0
EGY,2004,5,26.8,182.6,81.0,5,1.0
EGY,2008,1,26.0,176.0,90.0,1,5.0
EGY,2012,2,26.5,185.0,85.5,2,1.0
EGY,2016,3,22.333334,164.66667,64.0,3,2.0
ERI,2004,1,22.0,160.0,54.0,1,0.0
ESP,1900,1,26.0,175.99158,69.96921,1,0.0
ESP,1920,2,23.5,175.99158,69.96921,2,1.0
ESP,1928,1,33.0,175.99158,69.96921,1,2.0
ESP,1932,1,45.0,175.99158,69.96921,1,1.0
ESP,1948,1,37.0,175.99158,69.96921,1,1.0
ESP,1952,1,44.0,173.0,72.0,1,1.0
ESP,1960,1,20.0,183.0,67.0,1,1.0
ESP,1972,1,20.0,154.0,48.0,1,1.0
ESP,1976,2,22.0,179.0,73.5,2,1.0
ESP,1980,6,26.333334,178.83333,76.5,6,2.0
ESP,1984,5,23.2,182.6,76.2,5,6.0
ESP,1988,4,25.5,183.75,81.75,4,5.0
ESP,1992,22,23.636364,176.3158,68.73684,22,4.0
ESP,1996,17,25.235294,173.17647,66.52941,17,22.0
ESP,2000,11,26.272728,170.72728,63.0,11,17.0
ESP,2004,20,28.6,175.1,73.65,20,11.0
ESP,2008,18,28.722221,180.55556,75.05556,18,20.0
ESP,2012,17,25.941177,175.52942,66.82353,17,18.0
ESP,2016,17,28.0,178.29411,70.82353,17,17.0
EST,1920,3,24.666666,167.5,67.666664,3,0.0
EST,1924,6,26.333334,172.0,76.2,6,3.0
EST,1928,5,24.8,176.5,120.0,5,6.0
EST,1936,7,28.285715,183.33333,104.0,7,5.0
EST,1992,2,27.5,173.5,69.5,2,7.0
EST,2000,3,27.666666,184.66667,92.333336,3,2.0
EST,2004,3,34.0,193.66667,109.333336,3,3.0
EST,2008,2,29.0,197.0,114.5,2,3.0
EST,2012,2,30.0,194.5,120.5,2,2.0
EST,2016,1,37.0,198.0,104.0,1,2.0
ETH,1960,1,28.0,177.0,57.0,1,0.0
ETH,1964,1,32.0,177.0,57.0,1,1.0
ETH,1968,2,36.0,170.0,54.0,2,1.0
ETH,1972,2,34.0,166.0,53.5,2,2.0
ETH,1980,4,32.0,167.25,54.25,4,2.0
ETH,1992,3,20.0,164.33333,49.0,3,4.0
ETH,1996,3,22.0,159.0,49.0,3,3.0
ETH,2000,8,24.375,164.0,52.125,8,3.0
ETH,2004,7,22.571428,163.57143,50.57143,7,8.0
ETH,2008,7,24.0,163.85715,51.714287,7,7.0
ETH,2012,7,25.285715,168.0,52.142857,7,7.0
ETH,2016,8,25.25,168.625,52.875,8,7.0
FIJ,2016,1,22.0,190.0,105.0,1,0.0
FIN,1906,4,29.5,180.0,91.25,4,0.0
FIN,1908,5,25.6,176.5,82.625,5,4.0
FIN,1912,26,25.653847,178.0625,76.71875,26,5.0
FIN,1920,34,28.411764,176.375,74.5625,34,26.0
FIN,1924,37,27.81081,174.57692,70.17308,37,34.0
FIN,1928,25,28.64,175.45,69.425,25,37.0
FIN,1932,25,27.2,174.85,71.575,25,25.0
FIN,1936,20,28.5,175.85715,68.53571,20,25.0
FIN,1948,22,30.863636,174.5,66.26923,22,20.0
FIN,1952,22,27.863636,176.3125,73.84375,22,22.0
FIN,1956,15,26.733334,172.0,70.36667,15,22.0
FIN,1960,5,25.2,179.2,72.4,5,15.0
FIN,1964,5,27.2,176.4,72.4,5,5.0
FIN,1968,4,24.5,175.0,73.625,4,5.0
FIN,1972,8,24.0,179.25,65.6875,8,4.0
FIN,1976,6,26.0,182.83333,73.583336,6,8.0
FIN,1980,8,24.875,179.25,73.3125,8,6.0
FIN,1984,12,25.0,180.83333,81.875,12,8.0
FIN,1988,4,26.0,186.75,92.75,4,12.0
FIN,1992,5,24.6,183.4,81.5,5,4.0
FIN,1996,4,27.0,181.0,83.75,4,5.0
FIN,2000,4,31.5,179.5,86.5,4,4.0
FIN,2004,2,29.0,177.0,90.0,2,4.0
FIN,2008,4,30.25,181.25,76.25,4,2.0
FIN,2012,3,27.666666,174.66667,71.0,3,4.0
FIN,2016,1,35.0,165.0,60.0,1,3.0
FRA,1896,11,19.0,175.93576,72.812584,11,0.0
FRA,1900,109,30.036585,169.0,68.0,109,11.0
FRA,1904,2,27.037977,175.93576,72.812584,2,109.0
FRA,1906,41,32.74286,170.0,73.0,41,2.0
FRA,1908,19,28.631578,179.75,77.333336,19,41.0
FRA,1912,15,28.714285,171.83333,70.0,15,19.0
FRA,1920,42,31.74359,170.28572,69.818184,42,15.0
FRA,1924,40,27.325,173.0,75.6,40,42.0
FRA,1928,25,31.666666,170.6,64.6,25,40.0
FRA,1932,20,28.9,171.36363,72.875,20,25.0
FRA,1936,19,25.68421,173.0,83.0,19,20.0
FRA,1948,32,28.9375,180.63637,76.27273,32,19.0
FRA,1952,18,26.38889,175.16667,68.833336,18,32.0
FRA,1956,14,26.571428,172.2,68.0,14,18.0
FRA,1960,5,23.6,178.4,70.0,5,14.0
FRA,1964,15,25.8,174.13333,68.933334,15,5.0
FRA,1968,15,25.666666,177.26666,71.86667,15,15.0
FRA,1972,13,26.0,179.92308,74.38461,13,15.0
FRA,1976,9,28.88889,172.55556,69.666664,9,13.0
FRA,1980,14,23.357143,180.42857,79.42857,14,9.0
FRA,1984,28,24.892857,177.42857,73.46429,28,14.0
FRA,1988,16,26.6875,180.1875,73.125,16,28.0
FRA,1992,29,26.724138,178.96552,74.24138,29,16.0
FRA,1996,37,27.64865,176.67567,70.54054,37,29.0
FRA,2000,38,27.078947,176.8421,72.68421,38,37.0
FRA,2004,33,24.848484,177.75757,69.545456,33,38.0
FRA,2008,41,25.756098,180.36586,75.51219,41,33.0
FRA,2012,35,25.485714,180.85715,76.42857,35,41.0
FRA,2016,42,28.285715,181.64285,78.78571,42,35.0
FRG,1968,26,27.846153,180.23077,77.46154,26,0.0
FRG,1972,40,26.65,178.5,74.675,40,26.0
FRG,1976,39,27.333334,179.21622,73.51351,39,40.0
FRG,1984,59,25.644068,180.13559,76.45763,59,39.0
FRG,1988,40,26.125,182.125,77.625,40,59.0
GAB,2012,1,23.0,190.0,97.0,1,0.0
GBR,1896,9,23.5,188.0,102.0,9,0.0
GBR,1900,43,29.512821,183.375,82.5,43,9.0
GBR,1904,2,29.0,187.0,83.0,2,43.0
GBR,1906,25,28.958334,177.85715,70.14286,25,2.0
GBR,1908,145,30.224806,172.9,70.42105,145,25.0
GBR,1912,41,30.268293,170.66667,63.857143,41,145.0
GBR,1920,43,27.783783,175.83333,71.6,43,41.0
GBR,1924,35,25.67742,178.0,71.833336,35,43.0
GBR,1928,22,25.809525,175.28572,70.0,22,35.0
GBR,1932,17,24.588236,175.875,69.2,17,22.0
GBR,1936,14,26.428572,176.8,65.4,14,17.0
GBR,1948,27,30.481482,170.75,57.583332,27,14.0
GBR,1952,11,25.636364,174.0,63.8,11,27.0
GBR,1956,24,25.5,176.0,66.0,24,11.0
GBR,1960,20,21.35,173.9,66.15,20,24.0
GBR,1964,18,25.722221,178.55556,71.388885,18,20.0
GBR,1968,13,29.76923,178.46153,72.07692,13,18.0
GBR,1972,18,25.833334,177.83333,73.0,18,13.0
GBR,1976,13,25.923077,182.61539,79.61539,13,18.0
GBR,1980,21,22.714285,179.5238,73.47619,21,13.0
GBR,1984,37,26.513514,176.56757,70.945946,37,21.0
GBR,1988,24,27.666666,180.20833,75.541664,24,37.0
GBR,1992,20,25.15,177.9,77.45,20,24.0
GBR,1996,15,25.133333,185.73334,81.73333,15,20.0
GBR,2000,28,28.964285,181.07143,80.71429,28,15.0
GBR,2004,30,27.566668,178.7,72.9,30,28.0
GBR,2008,48,26.541666,181.35417,77.21875,48,30.0
GBR,2012,65,26.323076,179.12308,73.32258,65,48.0
GBR,2016,67,27.402985,177.43283,72.106064,67,65.0
GDR,1968,25,24.44,177.2,73.0,25,0.0
GDR,1972,66,23.015152,174.75757,71.416664,66,25.0
GDR,1976,90,22.277779,175.67778,71.36667,90,66.0
GDR,1980,126,21.84127,177.2619,71.81746,126,90.0
GDR,1988,102,23.5,178.92157,74.7598,102,126.0
GEO,1996,2,24.5,175.5,87.0,2,0.0
GEO,2000,6,26.333334,174.5,80.333336,6,2.0
GEO,2004,4,25.0,174.75,82.75,4,6.0
GEO,2008,6,30.666666,176.5,78.0,6,4.0
GEO,2012,7,24.285715,176.14285,78.28571,7,6.0
GEO,2016,7,24.714285,182.0,101.0,7,7.0
GER,1896,14,27.285715,163.0,63.0,14,0.0
GER,1900,9,21.333334,175.89052,73.28911,9,14.0
GER,1904,16,22.916666,170.0,75.0,16,9.0
GER,1906,14,25.25,173.0,70.333336,14,16.0
GER,1908,13,23.0,177.66667,73.5,13,14.0
GER,1912,26,25.538462,180.33333,62.333332,26,13.0
GER,1928,39,31.487179,174.84616,69.666664,39,26.0
GER,1932,24,27.541666,171.0,73.166664,24,39.0
GER,1936,101,27.69307,175.4,77.25,101,24.0
GER,1952,24,28.208334,173.66667,73.0,24,101.0
GER,1956,26,25.576923,171.92308,71.38461,26,24.0
GER,1960,42,22.952381,176.2619,73.333336,42,26.0
GER,1964,50,24.82,178.36,76.08,50,42.0
GER,1992,82,25.45122,179.06097,74.86585,82,50.0
GER,1996,65,26.584616,181.33846,79.07031,65,82.0
GER,2000,56,27.5,181.89285,78.24107,56,65.0
GER,2004,49,29.0,179.14285,74.14286,49,56.0
GER,2008,43,29.534883,177.23256,73.790695,43,49.0
GER,2012,44,26.545454,179.31818,77.97727,44,43.0
GER,2016,42,28.452381,178.4762,76.35714,42,44.0
GHA,1960,1,22.0,175.0,63.0,1,0.0
GHA,1964,1,26.0,172.0,57.0,1,1.0
GHA,1972,1,28.0,177.0,75.0,1,1.0
GHA,1992,1,18.0,181.0,73.0,1,1.0
GRE,1896,44,21.142857,175.82843,74.5621,44,0.0
GRE,1904,2,24.0,185.0,81.0,2,44.0
GRE,1906,35,27.333334,183.0,87.25,35,2.0
GRE,1908,4,26.5,185.0,89.333336,4,35.0
GRE,1912,2,23.0,189.0,81.0,2,4.0
GRE,1920,1,26.677654,175.82843,74.5621,1,2.0
GRE,1924,1,45.0,175.82843,74.5621,1,1.0
GRE,1956,1,27.0,192.0,85.0,1,1.0
GRE,1960,1,28.0,160.0,64.0,1,1.0
GRE,1968,1,23.0,172.0,74.0,1,1.0
GRE,1972,2,25.0,177.5,83.0,2,1.0
GRE,1980,3,27.0,171.66667,75.0,3,2.0
GRE,1984,2,25.5,170.0,69.5,2,3.0
GRE,1988,1,31.0,162.0,57.0,1,2.0
GRE,1992,2,23.5,170.0,71.5,2,1.0
GRE,1996,8,25.25,171.0,71.75,8,2.0
GRE,2000,13,25.076923,170.3077,67.46154,13,8.0
GRE,2004,16,27.25,173.4375,69.53125,16,13.0
GRE,2008,4,29.0,183.5,74.125,4,16.0
GRE,2012,2,23.5,173.5,74.5,2,4.0
GRE,2016,6,26.5,176.0,67.166664,6,2.0
GRN,2012,1,19.0,180.0,66.0,1,0.0
GRN,2016,1,23.0,180.0,66.0,1,1.0
GUA,2012,1,21.0,178.0,60.0,1,0.0
GUY,1980,1,22.0,173.0,54.0,1,0.0
HAI,1900,1,27.0,178.0,75.0,1,0.0
HAI,1924,1,27.0,178.0,75.0,1,1.0
HAI,1928,1,27.0,178.0,75.0,1,1.0
HKG,1996,1,25.0,170.0,59.0,1,0.0
HKG,2004,1,28.0,165.0,61.0,1,1.0
HKG,2012,1,25.0,165.0,62.0,1,1.0
HUN,1896,6,21.833334,179.04674,75.404495,6,0.0
HUN,1900,5,18.8,187.0,83.0,5,6.0
HUN,1904,4,22.0,187.0,83.0,4,5.0
HUN,1906,10,22.555555,187.0,83.0,10,4.0
HUN,1908,9,25.666666,181.0,77.5,9,10.0
HUN,1912,8,29.625,185.0,75.404495,8,9.0
HUN,1924,10,33.0,178.0,72.0,10,8.0
HUN,1928,10,29.2,182.66667,71.0,10,10.0
HUN,1932,16,27.8125,182.33333,68.333336,16,10.0
HUN,1936,16,25.6875,171.5,68.0,16,16.0
HUN,1948,27,30.185184,177.6,75.4,27,16.0
HUN,1952,42,26.333334,176.08333,77.166664,42,27.0
HUN,1956,26,27.807692,172.7,67.2,26,42.0
HUN,1960,21,24.952381,176.66667,73.2619,21,26.0
HUN,1964,22,26.5,175.0,78.431816,22,21.0
HUN,1968,32,27.03125,178.71875,77.34375,32,22.0
HUN,1972,35,25.914286,174.54286,71.48572,35,32.0
HUN,1976,22,25.09091,177.59091,75.5,22,35.0
HUN,1980,32,26.09375,176.78125,77.09375,32,22.0
HUN,1988,23,23.043478,179.34782,76.434784,23,32.0
HUN,1992,30,22.933332,178.46666,74.63333,30,23.0
HUN,1996,21,25.666666,178.71428,74.92857,21,30.0
HUN,2000,17,27.352942,176.88235,75.64706,17,21.0
HUN,2004,17,26.470589,180.76471,80.52941,17,17.0
HUN,2008,10,26.1,180.6,78.3,10,17.0
HUN,2012,18,27.166666,176.05556,73.72222,18,10.0
HUN,2016,15,28.666666,177.2,72.2,15,18.0
INA,1988,1,23.0,155.0,50.0,1,0.0
INA,1992,5,23.2,173.0,70.75,5,1.0
INA,1996,4,23.25,166.0,66.0,4,5.0
INA,2000,6,23.833334,159.83333,60.0,6,4.0
INA,2004,4,23.25,167.75,62.25,4,6.0
INA,2008,5,21.4,163.2,63.2,5,4.0
INA,2012,2,23.5,157.5,69.5,2,5.0
INA,2016,3,25.666666,160.0,60.333332,3,2.0
IND,1900,2,24.0,169.64584,63.630955,2,0.0
IND,1928,1,30.0,169.64584,63.630955,1,2.0
IND,1932,1,30.0,172.0,63.630955,1,1.0
IND,1936,1,34.0,172.0,63.630955,1,1.0
IND,1948,1,21.0,162.0,53.0,1,1.0
IND,1952,2,25.0,162.0,53.0,2,1.0
IND,1956,1,29.0,162.0,53.0,1,2.0
IND,1960,1,29.0,168.0,59.0,1,1.0
IND,1964,1,22.0,165.0,61.0,1,1.0
IND,1968,1,30.0,165.0,58.0,1,1.0
IND,1972,1,20.0,171.0,60.0,1,1.0
IND,1980,1,29.0,174.0,68.0,1,1.0
IND,1996,1,23.0,178.0,77.0,1,1.0
IND,2000,1,25.0,163.0,60.0,1,1.0
IND,2004,1,34.0,188.0,85.0,1,1.0
IND,2008,3,24.0,173.66667,70.333336,3,1.0
IND,2012,6,27.333334,168.16667,72.0,6,3.0
IND,2016,2,22.0,170.5,61.5,2,6.0
IOA,1992,3,24.0,174.0,65.666664,3,0.0
IOA,2016,2,50.5,180.5,89.0,2,3.0
IRI,1948,1,29.0,172.80167,60.0,1,0.0
IRI,1952,7,23.857143,180.0,66.333336,7,1.0
IRI,1956,5,28.75,172.33333,68.25,5,7.0
IRI,1960,4,26.25,165.75,61.75,4,5.0
IRI,1964,2,25.0,170.0,65.0,2,4.0
IRI,1968,5,25.6,165.4,62.6,5,2.0
IRI,1972,3,28.0,156.0,51.333332,3,5.0
IRI,1976,2,29.5,164.0,63.0,2,3.0
IRI,1988,1,25.0,170.0,57.0,1,2.0
IRI,1992,3,23.666666,176.66667,75.0,3,1.0
IRI,1996,3,25.666666,181.66667,89.0,3,3.0
IRI,2000,4,22.5,179.75,101.25,4,3.0
IRI,2004,6,26.166666,180.33333,98.333336,6,4.0
IRI,2008,2,30.0,171.0,69.5,2,6.0
IRI,2012,12,24.916666,181.75,95.833336,12,2.0
IRI,2016,8,25.25,177.375,83.75,8,12.0
IRL,1924,2,48.5,173.96944,68.41111,2,0.0
IRL,1928,1,22.0,180.0,98.0,1,2.0
IRL,1932,2,25.5,183.0,86.0,2,1.0
IRL,1948,1,69.0,173.96944,68.41111,1,2.0
IRL,1952,1,19.0,173.96944,68.41111,1,1.0
IRL,1956,5,21.2,184.0,75.0,5,1.0
IRL,1964,1,20.0,170.0,64.0,1,5.0
IRL,1980,2,25.0,169.0,61.5,2,1.0
IRL,1984,1,27.0,175.0,59.0,1,2.0
IRL,1992,2,23.5,167.5,53.5,2,1.0
IRL,1996,4,26.0,160.0,71.0,4,2.0
IRL,2000,1,30.0,175.0,55.0,1,4.0
IRL,2008,3,24.333334,177.33333,68.333336,3,1.0
IRL,2012,5,25.2,168.8,58.6,5,3.0
IRL,2016,2,24.5,178.0,71.0,2,5.0
IRQ,1960,1,26.092573,174.0,67.0,1,0.0
ISL,1956,1,22.0,184.0,82.0,1,0.0
ISL,1984,1,28.0,190.0,95.0,1,1.0
ISL,2000,1,22.0,183.0,72.0,1,1.0
ISL,2008,1,28.0,182.0,80.0,1,1.0
ISR,1992,2,23.5,182.1,80.1,2,0.0
ISR,1996,1,20.0,183.0,68.0,1,2.0
ISR,2000,1,25.0,185.0,89.0,1,1.0
ISR,2004,2,27.5,184.5,84.0,2,1.0
ISR,2008,1,21.0,177.0,68.0,1,2.0
ISR,2016,2,26.0,181.0,91.5,2,1.0
ISV,1988,1,27.0,180.0,90.0,1,0.0
ITA,1900,5,26.0,175.66081,73.885284,5,0.0
ITA,1906,16,22.272728,169.66667,98.0,16,5.0
ITA,1908,4,23.0,173.0,70.0,4,16.0
ITA,1912,8,27.857143,177.33333,70.0,8,4.0
ITA,1920,25,28.08,180.2,69.5,25,8.0
ITA,1924,16,29.875,168.25,74.375,16,25.0
ITA,1928,20,23.75,171.375,66.75,20,16.0
ITA,1932,36,27.0,170.91667,64.75,36,20.0
ITA,1936,27,27.518518,177.58333,71.4,27,36.0
ITA,1948,31,29.32258,177.0,96.333336,31,27.0
ITA,1952,21,28.238094,174.6,72.8,21,31.0
ITA,1956,25,28.44,177.2,80.9,25,21.0
ITA,1960,36,25.416666,174.2,70.92857,36,25.0
ITA,1964,27,24.88889,174.62962,70.55556,27,36.0
ITA,1968,16,25.625,179.25,75.625,16,27.0
ITA,1972,18,27.61111,170.16667,65.888885,18,16.0
ITA,1976,13,25.692308,176.07692,69.53846,13,18.0
ITA,1980,15,27.066668,175.26666,69.333336,15,13.0
ITA,1984,32,25.0625,177.9375,73.625,32,15.0
ITA,1988,14,25.714285,176.35715,68.71429,14,32.0
ITA,1992,19,25.736841,179.38889,74.27778,19,14.0
ITA,1996,35,27.62857,176.85715,71.457146,35,19.0
ITA,2000,34,28.794117,179.52942,77.32353,34,35.0
ITA,2004,32,28.09375,179.15625,75.734375,32,34.0
ITA,2008,27,29.37037,176.7037,72.796295,27,32.0
ITA,2012,28,28.285715,178.14285,76.80357,28,27.0
ITA,2016,28,27.214285,176.39285,73.60714,28,28.0
JAM,1948,3,27.333334,191.0,75.333336,3,0.0
JAM,1952,5,28.8,181.2,68.8,5,3.0
JAM,1968,1,22.0,183.0,79.0,1,5.0
JAM,1972,1,25.0,183.0,79.0,1,1.0
JAM,1976,2,25.0,175.0,70.0,2,1.0
JAM,1980,3,24.0,179.33333,71.333336,3,2.0
JAM,1984,3,23.0,178.33333,68.666664,3,3.0
JAM,1988,2,27.0,185.5,66.5,2,3.0
JAM,1992,4,28.5,168.25,60.5,4,2.0
JAM,1996,6,29.5,175.0,64.833336,6,4.0
JAM,2000,9,26.555555,174.22223,65.22222,9,6.0
JAM,2004,5,25.2,171.8,63.4,5,9.0
JAM,2008,9,23.11111,173.88889,67.77778,9,5.0
JAM,2012,12,23.833334,178.41667,73.25,12,9.0
JAM,2016,11,26.181818,176.0,67.55556,11,12.0
JOR,2016,1,20.0,178.0,68.0,1,0.0
JPN,1920,2,28.5,162.0,59.0,2,0.0
JPN,1924,1,29.0,166.2493,64.016846,1,2.0
JPN,1928,5,22.25,162.0,55.0,5,1.0
JPN,1932,18,20.555555,172.0,64.0,18,5.0
JPN,1936,20,22.45,169.625,59.375,20,18.0
JPN,1952,8,23.5,167.66667,62.333332,8,20.0
JPN,1956,17,23.117647,161.11111,60.444443,17,8.0
JPN,1960,18,24.555555,161.94444,58.833332,18,17.0
JPN,1964,29,24.37931,163.17241,62.827587,29,18.0
JPN,1968,25,24.68,165.0,61.4,25,29.0
JPN,1972,29,24.448277,167.44827,64.27586,29,25.0
JPN,1976,25,25.88,166.44,68.16,25,29.0
JPN,1984,31,26.35484,165.12903,67.22581,31,25.0
JPN,1988,14,24.642857,166.42857,68.35714,14,31.0
JPN,1992,22,23.5,166.31818,67.27273,22,14.0
JPN,1996,14,23.928572,168.5,65.71429,14,22.0
JPN,2000,18,24.222221,167.27777,68.666664,18,14.0
JPN,2004,37,25.054054,167.91891,67.189186,37,18.0
JPN,2008,25,25.6,167.6,69.04,25,37.0
JPN,2012,38,25.105263,169.21053,65.27027,38,25.0
JPN,2016,41,24.463415,168.19513,65.95122,41,38.0
KAZ,1996,11,27.454546,172.66667,69.0,11,0.0
KAZ,2000,7,26.428572,175.85715,71.14286,7,11.0
KAZ,2004,8,24.625,180.375,81.4375,8,7.0
KAZ,2008,13,23.76923,178.23077,85.69231,13,8.0
KAZ,2012,13,26.076923,174.61539,73.0,13,13.0
KAZ,2016,18,25.11111,174.72223,74.44444,18,13.0
KEN,1964,1,24.95913,178.0,71.0,1,0.0
KEN,1968,9,24.0,175.11111,64.666664,9,1.0
KEN,1972,9,27.11111,174.44444,65.77778,9,9.0
KEN,1984,3,23.666666,170.0,59.0,3,9.0
KEN,1988,9,24.0,177.33333,64.77778,9,3.0
KEN,1992,8,24.5,175.25,63.625,8,9.0
KEN,1996,8,25.5,174.5,60.25,8,8.0
KEN,2000,7,25.571428,172.71428,57.857143,7,8.0
KEN,2004,7,23.857143,166.28572,52.57143,7,7.0
KEN,2008,15,23.4,169.85715,54.92857,15,7.0
KEN,2012,11,26.636364,170.72728,55.545456,11,15.0
KEN,2016,13,26.307692,165.58333,56.153847,13,11.0
KGZ,2000,1,23.0,161.0,60.0,1,0.0
KGZ,2008,2,23.0,168.5,63.0,2,1.0
KOR,1948,2,25.5,169.95361,73.5,2,0.0
KOR,1952,2,28.5,169.95361,73.5,2,2.0
KOR,1956,2,28.5,163.0,62.0,2,2.0
KOR,1964,3,23.0,164.66667,64.333336,3,2.0
KOR,1968,2,20.5,162.5,51.0,2,3.0
KOR,1972,1,25.0,175.0,80.0,1,2.0
KOR,1976,6,23.333334,168.83333,69.5,6,1.0
KOR,1984,19,23.052631,169.57895,67.42105,19,6.0
KOR,1988,33,22.575758,171.33333,69.42424,33,19.0
KOR,1992,29,22.172413,168.28572,62.153847,29,33.0
KOR,1996,27,23.814816,172.4,68.066666,27,29.0
KOR,2000,28,24.75,172.5,67.67857,28,27.0
KOR,2004,30,23.266666,172.76666,71.7,30,28.0
KOR,2008,31,24.548388,172.12903,71.22581,31,30.0
KOR,2012,28,26.071428,173.92857,70.78571,28,31.0
KOR,2016,21,26.52381,172.42857,68.04762,21,28.0
KOS,2016,1,25.0,162.0,52.0,1,0.0
KSA,2000,2,27.0,183.0,64.5,2,0.0
KSA,2012,1,40.0,162.0,70.0,1,2.0
KUW,2000,1,33.0,178.0,95.0,1,0.0
KUW,2012,1,45.0,178.0,95.0,1,1.0
LAT,1932,1,27.0,180.0,87.75,1,0.0
LAT,1936,2,27.0,179.5476,87.75,2,1.0
LAT,1992,3,33.666668,177.33333,81.0,3,2.0
LAT,1996,1,35.0,176.0,80.0,1,3.0
LAT,2000,3,24.333334,170.66667,69.0,3,1.0
LAT,2004,4,26.0,178.5,93.0,4,3.0
LAT,2008,3,26.666666,186.33333,115.0,3,4.0
LAT,2012,2,26.0,188.0,88.5,2,3.0
LIB,1952,2,23.0,173.5,87.5,2,0.0
LIB,1972,1,21.0,167.0,75.0,1,2.0
LIB,1980,1,35.0,180.0,100.0,1,1.0
LTU,1992,2,30.0,203.5,114.0,2,0.0
LTU,1996,1,26.0,208.0,120.0,1,2.0
LTU,2000,5,28.2,185.2,88.8,5,1.0
LTU,2004,3,28.333334,188.0,95.333336,3,5.0
LTU,2008,5,31.4,185.0,93.2,5,3.0
LTU,2012,5,23.0,174.2,71.8,5,5.0
LTU,2016,4,26.75,179.0,85.25,4,5.0
LUX,1900,1,22.0,173.0,107.0,1,0.0
LUX,1920,1,26.0,173.0,146.0,1,1.0
LUX,1924,2,32.0,173.0,107.0,2,1.0
LUX,1928,1,37.0,173.0,107.0,1,2.0
LUX,1952,1,25.0,173.0,68.0,1,1.0
MAR,1960,1,31.0,180.0,65.0,1,0.0
MAR,1984,2,23.0,168.5,54.0,2,1.0
MAR,1988,3,26.0,170.33333,57.333332,3,2.0
MAR,1992,3,25.0,174.66667,59.333332,3,3.0
MAR,1996,2,25.0,171.5,61.0,2,3.0
MAR,2000,5,25.8,174.4,60.4,5,2.0
MAR,2004,3,28.0,172.66667,54.333332,3,5.0
MAR,2008,2,33.0,171.0,56.5,2,3.0
MAR,2012,1,25.0,173.0,57.0,1,2.0
MAR,2016,1,23.0,180.0,69.0,1,1.0
MAS,1992,1,24.0,180.0,68.0,1,0.0
MAS,1996,2,31.0,175.0,71.5,2,1.0
MAS,2008,1,25.0,170.0,68.0,1,2.0
MAS,2012,2,24.0,164.5,61.5,2,1.0
MAS,2016,5,28.4,168.2,64.6,5,2.0
MDA,1996,2,28.5,185.0,97.5,2,0.0
MDA,2000,2,28.0,177.0,71.0,2,2.0
MDA,2008,1,25.0,162.0,56.0,1,2.0
MDA,2012,2,21.0,166.5,73.5,2,1.0
MEX,1900,1,38.0,169.19223,61.069416,1,0.0
MEX,1932,2,19.5,175.0,61.069416,2,1.0
MEX,1936,3,28.333334,169.19223,61.069416,3,2.0
MEX,1948,5,29.0,168.0,61.069416,5,3.0
MEX,1952,1,23.0,168.0,61.069416,1,5.0
MEX,1956,2,27.0,168.0,61.069416,2,1.0
MEX,1960,1,19.0,170.0,68.0,1,2.0
MEX,1964,1,20.0,163.0,54.0,1,1.0
MEX,1968,9,23.88889,175.0,67.55556,9,1.0
MEX,1972,1,18.0,160.0,54.0,1,9.0
MEX,1976,2,23.0,170.5,62.5,2,1.0
MEX,1980,4,36.25,169.5,68.5,4,2.0
MEX,1984,6,24.333334,168.5,58.333332,6,4.0
MEX,1988,2,19.5,165.5,58.0,2,6.0
MEX,1992,1,25.0,175.0,63.0,1,2.0
MEX,1996,1,26.0,175.0,62.0,1,1.0
MEX,2000,6,25.833334,170.5,62.5,6,1.0
MEX,2004,4,26.25,170.0,58.5,4,6.0
MEX,2008,3,23.333334,166.66667,58.666668,3,4.0
MEX,2012,7,22.428572,165.28572,59.285713,7,3.0
MEX,2016,5,25.4,171.2,61.2,5,7.0
MGL,1968,4,25.0,168.5,75.75,4,0.0
MGL,1972,1,28.0,183.0,100.0,1,4.0
MGL,1976,1,25.0,168.0,62.0,1,1.0
MGL,1980,4,24.0,167.0,65.25,4,1.0
MGL,1988,1,26.0,174.0,60.0,1,4.0
MGL,1992,2,24.5,169.0,55.5,2,1.0
MGL,1996,1,20.0,162.0,60.0,1,2.0
MGL,2004,1,20.0,171.0,63.0,1,1.0
MGL,2008,4,25.0,172.66667,67.25,4,1.0
MGL,2012,5,25.2,172.8,72.0,5,4.0
MGL,2016,2,26.5,165.0,59.5,2,5.0
MKD,2000,1,26.0,180.0,85.0,1,0.0
MNE,2012,1,25.0,180.0,74.0,1,0.0
MON,1924,1,29.0,175.70476,72.63659,1,0.0
MOZ,1996,1,23.0,165.0,63.0,1,0.0
MOZ,2000,1,27.0,165.0,63.0,1,1.0
MRI,2008,1,30.0,175.0,54.0,1,0.0
NAM,1992,2,24.0,180.0,73.0,2,0.0
NAM,1996,2,28.0,180.0,73.0,2,2.0
NED,1900,7,27.428572,178.00139,60.0,7,0.0
NED,1906,3,29.666666,178.00139,72.82997,3,7.0
NED,1908,2,22.0,178.00139,81.0,2,3.0
NED,1912,3,27.333334,178.00139,72.82997,3,2.0
NED,1920,11,30.454546,178.00139,72.82997,11,3.0
NED,1924,11,28.363636,184.0,72.82997,11,11.0
NED,1928,23,32.304348,174.8,68.0,23,11.0
NED,1932,8,27.875,177.0,72.82997,8,23.0
NED,1936,17,22.941177,173.75,80.0,17,8.0
NED,1948,16,27.4375,174.42857,68.35714,16,17.0
NED,1952,5,23.0,174.0,73.0,5,16.0
NED,1960,3,18.666666,160.0,63.666668,3,5.0
NED,1964,10,23.1,177.6,74.3,10,3.0
NED,1968,7,24.428572,178.14285,71.42857,7,10.0
NED,1972,5,28.2,185.0,86.0,5,7.0
NED,1976,5,23.0,182.0,78.8,5,5.0
NED,1980,3,21.666666,179.0,73.333336,3,5.0
NED,1984,13,22.076923,178.53847,69.30769,13,3.0
NED,1988,9,23.666666,182.0,78.0,9,13.0
NED,1992,15,27.733334,181.66667,75.066666,15,9.0
NED,1996,19,27.947369,181.83333,75.888885,19,15.0
NED,2000,25,28.04,178.6,70.48,25,19.0
NED,2004,22,28.636364,179.18182,71.63636,22,25.0
NED,2008,18,29.11111,179.05556,67.166664,18,22.0
NED,2012,20,28.1,177.8,71.05,20,18.0
NED,2016,19,26.210526,179.63158,72.947365,19,20.0
NGR,1964,1,23.0,170.0,70.0,1,0.0
NGR,1972,1,24.0,174.0,76.0,1,1.0
NGR,1984,2,20.0,167.5,61.0,2,1.0
NGR,1992,4,23.5,177.0,79.75,4,2.0
NGR,1996,6,24.166666,176.5,63.4,6,4.0
NGR,2000,3,23.0,162.66667,66.666664,3,6.0
NGR,2004,2,26.0,180.5,75.0,2,3.0
NGR,2008,4,22.0,178.5,80.75,4,2.0
NGR,2016,1,20.0,172.0,79.0,1,4.0
NIG,1972,1,21.0,163.0,64.0,1,0.0
NIG,2016,1,21.0,207.0,90.0,1,1.0
NOR,1900,5,31.8,180.16641,77.128334,5,0.0
NOR,1904,2,27.5,173.0,77.128334,2,5.0
NOR,1906,2,30.0,180.16641,77.128334,2,2.0
NOR,1908,8,27.75,174.5,77.75,8,2.0
NOR,1912,10,27.5,174.0,72.0,10,8.0
NOR,1920,32,35.0625,183.33333,84.0,32,10.0
NOR,1924,10,33.0,183.5,79.0,10,32.0
NOR,1928,4,31.25,180.0,77.0,4,10.0
NOR,1936,6,26.0,180.0,77.128334,6,4.0
NOR,1948,7,30.714285,180.16641,77.128334,7,6.0
NOR,1952,5,31.0,169.0,67.0,5,7.0
NOR,1956,3,26.666666,182.0,73.0,3,5.0
NOR,1960,1,21.0,182.0,75.0,1,3.0
NOR,1968,2,24.5,185.5,84.0,2,1.0
NOR,1972,4,24.75,184.5,84.25,4,2.0
NOR,1976,2,27.5,187.5,86.5,2,4.0
NOR,1984,3,27.666666,182.33333,70.666664,3,2.0
NOR,1988,5,25.6,178.8,77.8,5,3.0
NOR,1992,7,26.571428,180.0,77.57143,7,5.0
NOR,1996,7,25.142857,186.0,83.42857,7,7.0
NOR,2000,10,31.2,180.5,78.1,10,7.0
NOR,2004,6,26.166666,179.83333,77.0,6,10.0
NOR,2008,9,29.777779,178.11111,77.0,9,6.0
NOR,2012,4,28.25,182.5,73.0,4,9.0
NOR,2016,4,29.5,176.75,68.5,4,4.0
NZL,1900,1,24.0,179.37537,73.23723,1,0.0
NZL,1920,1,30.0,179.37537,73.23723,1,1.0
NZL,1924,1,23.0,171.0,64.0,1,1.0
NZL,1928,1,22.0,172.0,67.0,1,1.0
NZL,1932,1,27.0,179.37537,73.23723,1,1.0
NZL,1936,1,26.0,169.0,61.0,1,1.0
NZL,1952,3,23.0,183.5,73.0,3,1.0
NZL,1956,2,27.0,178.0,64.0,2,3.0
NZL,1960,3,24.666666,174.0,65.0,3,2.0
NZL,1964,5,27.6,178.4,72.6,5,3.0
NZL,1968,3,32.0,181.66667,74.333336,3,5.0
NZL,1972,3,23.666666,188.33333,80.666664,3,3.0
NZL,1976,4,26.25,184.25,73.5,4,3.0
NZL,1984,11,25.454546,181.18182,78.63636,11,4.0
NZL,1988,13,28.384615,180.53847,76.69231,13,11.0
NZL,1992,10,27.7,176.33333,76.71429,10,13.0
NZL,1996,6,29.666666,174.66667,63.666668,6,10.0
NZL,2000,4,32.5,183.75,77.5,4,6.0
NZL,2004,5,27.6,179.2,74.6,5,4.0
NZL,2008,9,26.0,189.44444,85.22222,9,5.0
NZL,2012,13,27.76923,183.92308,81.84615,13,9.0
NZL,2016,18,26.777779,178.94444,81.52941,18,13.0
PAK,1956,1,26.0,172.0,73.0,1,0.0
PAK,1960,2,31.5,168.5,82.0,2,1.0
PAK,1964,1,23.0,181.0,72.0,1,2.0
PAK,1968,1,21.0,162.0,62.0,1,1.0
PAK,1972,1,30.0,150.0,70.0,1,1.0
PAK,1976,1,28.0,176.0,74.0,1,1.0
PAK,1984,1,21.0,170.0,62.0,1,1.0
PAK,1988,1,24.0,168.5,75.0,1,1.0
PAK,1992,1,20.0,168.5,71.25,1,1.0
PAN,1948,2,26.0,185.0,73.0,2,0.0
PAN,2008,1,25.0,183.0,70.0,1,2.0
PAR,2004,1,22.0,179.0,77.0,1,0.0
PER,1948,1,25.0,173.33333,86.333336,1,0.0
PER,1984,1,19.0,176.0,95.0,1,1.0
PER,1988,1,24.0,173.0,70.0,1,1.0
PER,1992,1,37.0,171.0,94.0,1,1.0
PHI,1928,1,25.0,170.0,73.0,1,0.0
PHI,1932,3,24.666666,170.0,73.0,3,1.0
PHI,1936,1,26.0,180.0,68.0,1,3.0
PHI,1964,1,19.0,165.0,57.0,1,1.0
PHI,1988,1,26.0,160.0,48.0,1,1.0
PHI,1992,1,20.0,158.0,48.0,1,1.0
PHI,1996,1,22.0,157.0,48.0,1,1.0
PHI,2016,1,25.0,149.0,53.0,1,1.0
POL,1924,2,28.0,167.5,67.5,2,0.0
POL,1928,7,30.428572,180.33333,72.666664,7,2.0
POL,1932,9,26.777779,174.14285,75.14286,9,7.0
POL,1936,9,32.555557,171.5,67.666664,9,9.0
POL,1948,2,32.0,175.26065,74.10283,2,9.0
POL,1952,4,24.25,173.0,69.0,4,2.0
POL,1956,9,23.444445,171.33333,70.27778,9,4.0
POL,1960,21,25.619047,173.4762,68.21429,21,9.0
POL,1964,23,25.695652,172.30435,67.36957,23,21.0
POL,1968,18,27.88889,172.5,68.52778,18,23.0
POL,1972,21,28.047619,174.61905,73.11905,21,18.0
POL,1976,26,25.961538,176.5,73.28846,26,21.0
POL,1980,32,25.15625,175.53125,72.171875,32,26.0
POL,1988,16,23.875,179.875,77.875,16,32.0
POL,1992,19,25.157894,178.26315,79.10526,19,16.0
POL,1996,17,26.941177,176.70589,73.64706,17,19.0
POL,2000,14,24.428572,173.42857,80.85714,14,17.0
POL,2004,10,24.8,178.7,76.0,10,14.0
POL,2008,10,26.6,181.2,85.7,10,10.0
POL,2012,10,26.8,177.3,85.2,10,10.0
POL,2016,11,29.181818,177.0,78.72727,11,10.0
POR,1924,1,25.0,171.12122,68.63636,1,0.0
POR,1928,1,27.0,171.12122,68.63636,1,1.0
POR,1936,1,30.0,171.12122,68.63636,1,1.0
POR,1948,2,34.0,174.0,89.0,2,1.0
POR,1952,1,28.0,171.12122,68.63636,1,2.0
POR,1960,1,25.0,181.0,105.0,1,1.0
POR,1976,2,34.0,164.5,60.5,2,1.0
POR,1984,3,29.0,166.66667,56.0,3,2.0
POR,1988,1,30.0,157.0,45.0,1,3.0
POR,1996,2,25.5,173.0,61.5,2,1.0
POR,2000,2,27.5,170.5,64.5,2,2.0
POR,2004,3,25.333334,180.66667,70.0,3,2.0
POR,2008,2,23.0,176.0,65.5,2,3.0
POR,2012,1,22.0,178.0,81.0,1,2.0
POR,2016,1,30.0,161.0,57.0,1,1.0
PRK,1972,5,24.8,168.8,62.2,5,0.0
PRK,1976,2,21.0,165.0,53.5,2,5.0
PRK,1980,5,25.0,157.0,53.0,5,2.0
PRK,1992,9,22.11111,161.75,58.5,9,5.0
PRK,1996,5,23.4,159.33333,64.36667,5,9.0
PRK,2000,4,22.0,158.75,54.375,4,5.0
PRK,2004,5,24.2,162.2,60.9,5,4.0
PRK,2008,6,23.333334,159.16667,59.666668,6,5.0
PRK,2012,6,22.833334,156.0,58.333332,6,6.0
PRK,2016,7,24.857143,160.71428,68.28571,7,6.0
PUR,1948,1,19.0,175.91667,66.083336,1,0.0
PUR,1976,1,17.0,158.0,47.0,1,1.0
PUR,1984,2,20.5,180.5,67.5,2,1.0
PUR,1992,1,21.0,176.0,67.0,1,2.0
PUR,1996,1,20.0,182.0,67.0,1,1.0
PUR,2012,2,27.5,189.0,84.0,2,1.0
PUR,2016,1,22.0,170.0,64.0,1,2.0
QAT,1992,1,22.0,175.0,63.0,1,0.0
QAT,2000,1,21.0,176.0,104.5,1,1.0
QAT,2012,2,31.0,184.0,73.5,2,1.0
QAT,2016,1,25.0,190.0,65.0,1,2.0
ROU,1924,1,24.986778,171.40536,68.62746,1,0.0
ROU,1936,1,34.0,171.40536,68.62746,1,1.0
ROU,1952,4,27.75,179.0,79.0,4,1.0
ROU,1956,13,24.615385,165.375,66.5,13,4.0
ROU,1960,10,25.2,170.6,69.4,10,13.0
ROU,1964,12,25.916666,174.58333,74.25,12,10.0
ROU,1968,15,25.533333,173.53334,70.666664,15,12.0
ROU,1972,16,26.5625,175.125,80.875,16,15.0
ROU,1976,27,21.407408,173.46153,71.84615,27,16.0
ROU,1980,25,23.12,173.4,68.12,25,27.0
ROU,1984,52,24.461538,172.42308,73.30769,52,25.0
ROU,1988,24,21.125,165.58333,61.416668,24,52.0
ROU,1992,18,23.166666,178.09091,73.72727,18,24.0
ROU,1996,19,22.157894,165.0,57.944443,19,18.0
ROU,2000,26,24.0,169.5,61.46154,26,19.0
ROU,2004,19,22.578947,166.36842,58.526318,19,26.0
ROU,2008,8,25.5,168.375,59.25,8,19.0
ROU,2012,9,23.666666,161.22223,61.625,9,8.0
ROU,2016,4,29.0,182.25,78.75,4,9.0
RSA,1908,2,24.5,170.0,61.0,2,0.0
RSA,1912,6,29.0,188.0,77.0,6,2.0
RSA,1920,10,27.25,180.0,77.0,10,6.0
RSA,1924,3,23.333334,186.0,76.0,3,10.0
RSA,1928,3,22.666666,186.0,76.0,3,3.0
RSA,1932,5,20.25,177.5,65.0,5,3.0
RSA,1936,1,21.0,180.23471,72.74236,1,5.0
RSA,1948,6,25.333334,180.23471,72.74236,6,1.0
RSA,1952,10,22.2,165.0,59.0,10,6.0
RSA,1956,4,21.5,179.5,77.0,4,10.0
RSA,1960,3,22.333334,182.0,73.666664,3,4.0
RSA,1992,2,22.5,171.5,70.0,2,3.0
RSA,1996,5,22.6,170.5,58.5,5,2.0
RSA,2000,5,23.0,186.2,85.6,5,5.0
RSA,2004,6,24.333334,186.83333,79.333336,6,5.0
RSA,2008,1,23.0,190.0,76.0,1,6.0
RSA,2012,6,23.166666,183.83333,76.0,6,1.0
RSA,2016,10,25.9,180.88889,76.77778,10,6.0
RUS,1908,3,32.5,174.42729,91.0,3,0.0
RUS,1912,5,34.4,173.5,73.75,5,3.0
RUS,1952,70,27.971428,176.42857,73.63461,70,5.0
RUS,1956,98,25.65306,171.52942,71.51786,98,70.0
RUS,1960,103,26.475729,171.9903,71.805824,103,98.0
RUS,1964,93,26.88172,173.3871,74.08064,93,103.0
RUS,1968,91,25.857143,174.79121,74.26373,91,93.0
RUS,1972,99,25.58586,174.49495,75.54082,99,91.0
RUS,1976,125,23.968,174.2377,74.90164,125,99.0
RUS,1980,195,24.451283,174.97928,72.57217,195,125.0
RUS,1988,131,24.030535,175.43512,73.78626,131,195.0
RUS,1992,112,23.598215,174.85869,74.396904,112,131.0
RUS,1996,63,24.492064,176.19048,74.14286,63,112.0
RUS,2000,89,25.404495,174.85228,71.85227,89,63.0
RUS,2004,90,26.444445,175.03334,73.255554,90,89.0
RUS,2008,72,25.444445,175.70833,71.361115,72,90.0
RUS,2012,82,24.524391,174.82927,69.987656,82,72.0
RUS,2016,56,24.178572,173.01785,66.875,56,82.0
SCG,1996,4,23.25,180.0,72.75,4,0.0
SCG,2000,3,29.0,186.33333,81.666664,3,4.0
SCG,2004,2,32.0,183.5,80.0,2,3.0
SEN,1988,1,29.0,190.0,72.0,1,0.0
SGP,1960,1,27.0,160.0,69.5,1,0.0
SGP,2008,1,21.0,163.0,55.0,1,1.0
SGP,2012,2,25.0,163.0,55.0,2,1.0
SGP,2016,1,21.0,184.0,74.0,1,2.0
SLO,1992,2,23.0,190.0,89.5,2,0.0
SLO,1996,2,25.0,172.5,62.5,2,2.0
SLO,2000,2,32.5,186.0,80.5,2,2.0
SLO,2004,4,27.25,180.0,76.25,4,2.0
SLO,2008,5,29.6,179.8,86.0,5,4.0
SLO,2012,4,37.75,183.25,84.25,4,5.0
SLO,2016,4,30.5,176.5,77.75,4,4.0
SRB,2008,3,25.0,192.66667,85.666664,3,0.0
SRB,2012,4,25.5,178.0,73.5,4,3.0
SRB,2016,8,25.625,182.875,76.25,8,4.0
SRI,1948,1,30.0,168.0,62.0,1,0.0
SRI,2000,1,24.0,168.0,62.0,1,1.0
SUD,2008,1,23.0,193.0,72.0,1,0.0
SUI,1896,3,30.0,178.15642,74.47255,3,0.0
SUI,1900,9,35.333332,168.0,74.47255,9,3.0
SUI,1904,3,21.666666,180.0,74.47255,3,9.0
SUI,1906,8,37.375,172.66667,74.47255,8,3.0
SUI,1912,1,39.0,178.15642,74.47255,1,8.0
SUI,1920,11,28.4,178.15642,82.0,11,1.0
SUI,1924,25,26.333334,178.5,68.25,25,11.0
SUI,1928,17,28.0,178.15642,74.47255,17,25.0
SUI,1932,1,27.0,178.15642,74.47255,1,17.0
SUI,1936,18,29.166666,168.0,59.0,18,1.0
SUI,1948,22,32.409092,176.0,70.0,22,18.0
SUI,1952,14,30.071428,179.0,76.5,14,22.0
SUI,1956,1,37.0,176.0,71.0,1,14.0
SUI,1960,6,37.5,176.16667,78.166664,6,1.0
SUI,1964,4,37.0,177.5,77.333336,4,6.0
SUI,1968,5,33.4,184.0,80.8,5,4.0
SUI,1972,3,23.333334,180.33333,73.0,3,5.0
SUI,1976,4,26.0,177.25,72.0,4,3.0
SUI,1980,2,23.0,181.0,83.0,2,4.0
SUI,1984,8,30.0,173.75,69.875,8,2.0
SUI,1988,4,33.75,183.75,86.5,4,8.0
SUI,1992,1,21.0,200.0,88.0,1,4.0
SUI,1996,7,28.857143,174.71428,72.14286,7,1.0
SUI,2000,9,31.444445,171.66667,63.555557,9,7.0
SUI,2004,5,26.4,187.8,77.8,5,9.0
SUI,2008,7,28.0,182.14285,77.0,7,5.0
SUI,2012,4,29.0,176.5,68.0,4,7.0
SUI,2016,7,32.285713,172.85715,70.0,7,4.0
SUR,1988,1,20.0,180.0,78.0,1,0.0
SUR,1992,1,24.0,180.0,78.0,1,1.0
SVK,1996,3,22.666666,182.33333,84.0,3,0.0
SVK,2000,5,22.6,174.2,68.8,5,3.0
SVK,2004,6,27.333334,177.33333,74.5,6,5.0
SVK,2008,6,30.666666,174.33333,78.333336,6,6.0
SVK,2012,4,30.0,170.5,67.0,4,6.0
SVK,2016,4,28.75,192.25,82.75,4,4.0
SWE,1900,2,23.0,179.78273,75.51048,2,0.0
SWE,1906,14,24.214285,181.6,76.7,14,2.0
SWE,1908,25,30.92,178.375,76.0,25,14.0
SWE,1912,65,28.507692,178.77777,74.4375,65,25.0
SWE,1920,64,27.671875,177.92857,74.38461,64,65.0
SWE,1924,29,29.965517,174.5,66.6,29,64.0
SWE,1928,25,29.6,177.4,75.6,25,29.0
SWE,1932,24,29.625,180.0,75.0,24,25.0
SWE,1936,21,27.047619,185.0,82.0,21,24.0
SWE,1948,46,31.23913,178.33333,71.875,46,21.0
SWE,1952,35,31.742857,178.7,75.333336,35,46.0
SWE,1956,19,35.68421,174.0,70.42857,19,35.0
SWE,1960,6,33.0,175.16667,69.166664,6,19.0
SWE,1964,8,27.75,178.25,76.0,8,6.0
SWE,1968,4,24.5,182.5,71.0,4,8.0
SWE,1972,16,26.8125,180.6875,78.75,16,4.0
SWE,1976,5,28.8,182.4,71.8,5,16.0
SWE,1980,12,23.916666,180.91667,75.25,12,5.0
SWE,1984,19,26.31579,181.6842,78.42105,19,12.0
SWE,1988,11,25.454546,183.1,77.3,11,19.0
SWE,1992,12,29.333334,183.16667,81.333336,12,11.0
SWE,1996,8,29.875,180.75,83.875,8,12.0
SWE,2000,12,28.083334,182.25,77.75,12,8.0
SWE,2004,7,26.714285,182.42857,70.28571,7,12.0
SWE,2008,5,31.6,176.8,75.8,5,7.0
SWE,2012,8,33.875,184.0,89.0,8,5.0
SWE,2016,11,28.0,175.63637,69.181816,11,8.0
SYR,1984,1,27.0,187.0,82.0,1,0.0
SYR,1996,1,22.0,187.0,63.0,1,1.0
SYR,2004,1,22.0,187.0,81.0,1,1.0
TAN,1980,2,27.0,182.5,66.5,2,0.0
TCH,1920,2,28.0,177.19803,80.70229,2,0.0
TCH,1924,10,26.4,177.19803,67.0,10,2.0
TCH,1928,9,26.555555,174.0,83.0,9,10.0
TCH,1932,6,36.833332,180.75,94.333336,6,9.0
TCH,1936,9,29.444445,170.0,104.0,9,6.0
TCH,1948,11,26.181818,182.0,72.0,11,9.0
TCH,1952,13,27.153847,176.8,69.8,13,11.0
TCH,1956,6,25.166666,175.75,85.0,6,13.0
TCH,1960,8,26.375,174.75,77.75,8,6.0
TCH,1964,14,24.642857,175.21428,75.85714,14,8.0
TCH,1968,13,25.461538,168.61539,71.61539,13,14.0
TCH,1972,8,27.5,177.875,79.25,8,13.0
TCH,1976,8,28.0,181.125,83.0,8,8.0
TCH,1980,14,24.071428,179.14285,83.21429,14,8.0
TCH,1988,8,24.0,180.75,83.0,8,14.0
TCH,1992,7,24.857143,184.0,81.71429,7,8.0
TGA,1996,1,26.0,185.0,140.0,1,0.0
THA,1976,1,18.0,165.0,48.0,1,0.0
THA,1984,1,24.0,167.0,63.0,1,1.0
THA,1988,1,20.0,163.0,54.0,1,1.0
THA,1992,1,22.0,170.0,67.0,1,1.0
THA,1996,2,25.5,167.0,54.0,2,1.0
THA,2000,3,26.0,161.66667,59.666668,3,2.0
THA,2004,8,23.375,160.25,58.625,8,3.0
THA,2008,4,25.5,163.5,54.5,4,8.0
THA,2012,3,25.0,159.33333,52.0,3,4.0
THA,2016,6,20.666666,161.5,54.5,6,3.0
TJK,2008,2,27.5,172.5,78.5,2,0.0
TJK,2012,1,19.0,160.0,60.0,1,2.0
TJK,2016,1,34.0,187.0,120.0,1,1.0
TOG,2008,1,27.0,176.0,73.0,1,0.0
TPE,1960,1,27.0,180.0,80.0,1,0.0
TPE,1968,1,24.0,172.0,62.0,1,1.0
TPE,1984,1,27.0,165.0,56.0,1,1.0
TPE,1992,1,25.0,170.0,90.0,1,1.0
TPE,1996,1,27.0,170.0,60.0,1,1.0
TPE,2000,5,24.2,166.6,61.8,5,1.0
TPE,2004,5,24.0,170.2,59.4,5,5.0
TPE,2008,4,25.25,163.75,59.0,4,5.0
TPE,2012,2,23.0,164.0,55.0,2,4.0
TPE,2016,3,24.333334,160.66667,60.0,3,2.0
TTO,1948,1,23.0,182.0,59.5,1,0.0
TTO,1952,2,26.0,182.0,74.25,2,1.0
TTO,1964,3,22.666666,177.0,72.333336,3,2.0
TTO,1976,1,25.0,187.0,90.0,1,3.0
TTO,1996,2,22.0,176.0,75.0,2,1.0
TTO,2000,2,26.0,176.0,75.0,2,2.0
TTO,2004,1,21.0,196.0,74.0,1,2.0
TTO,2008,2,26.5,180.5,75.0,2,1.0
TTO,2012,4,22.25,180.5,83.5,4,2.0
TTO,2016,1,23.0,183.0,90.0,1,4.0
TUN,1964,2,24.5,169.5,61.5,2,0.0
TUN,1968,2,30.0,172.0,60.0,2,2.0
TUN,1972,1,34.0,172.0,60.0,1,2.0
TUN,1996,1,22.0,177.80556,63.0,1,1.0
TUN,2008,1,24.0,192.0,84.0,1,1.0
TUN,2012,3,28.0,186.0,73.0,3,1.0
TUN,2016,3,24.666666,175.33333,64.666664,3,3.0
TUR,1936,2,23.0,172.76341,79.0,2,0.0
TUR,1948,12,25.75,172.76341,73.0,12,2.0
TUR,1952,3,24.0,190.0,75.36527,3,12.0
TUR,1956,7,24.666666,174.25,73.5,7,3.0
TUR,1960,9,27.285715,173.22223,78.14286,9,7.0
TUR,1964,6,28.6,176.0,80.166664,6,9.0
TUR,1968,2,32.0,174.5,87.5,2,6.0
TUR,1972,1,23.0,168.0,62.0,1,2.0
TUR,1984,3,25.333334,172.0,70.333336,3,1.0
TUR,1988,2,24.5,164.5,72.0,2,3.0
TUR,1992,6,23.166666,172.2,84.4,6,2.0
TUR,1996,6,25.166666,165.83333,76.833336,6,6.0
TUR,2000,5,25.6,166.6,67.8,5,6.0
TUR,2004,11,24.272728,170.54546,76.818184,11,5.0
TUR,2008,7,23.428572,170.0,60.0,7,11.0
TUR,2012,5,21.8,173.8,72.6,5,7.0
TUR,2016,8,26.0,180.0,91.75,8,5.0
UAE,2004,1,40.0,175.0,67.0,1,0.0
UAE,2016,1,29.0,180.0,81.0,1,1.0
UAR,1960,2,27.0,175.70476,72.63659,2,0.0
UGA,1968,2,22.0,161.0,52.5,2,0.0
UGA,1972,2,22.5,175.0,64.0,2,2.0
UGA,1980,1,20.0,175.0,67.0,1,2.0
UGA,1996,1,28.0,180.0,73.0,1,1.0
UGA,2012,1,23.0,172.0,56.0,1,1.0
UKR,1996,23,24.434782,172.22728,71.0,23,0.0
UKR,2000,23,24.0,175.86363,71.045456,23,23.0
UKR,2004,22,25.0,177.0,69.545456,22,23.0
UKR,2008,27,26.222221,173.0,72.85185,27,22.0
UKR,2012,20,25.65,174.15,71.4,20,27.0
UKR,2016,11,24.636364,177.72728,70.63636,11,20.0
URU,1924,1,22.0,179.0,77.0,1,0.0
URU,1928,1,26.0,179.0,77.0,1,1.0
URU,1932,1,23.357143,193.0,70.6,1,1.0
URU,1948,2,23.0,176.66667,70.6,2,1.0
URU,1952,2,25.5,176.66667,70.6,2,2.0
URU,1956,1,19.0,181.0,76.0,1,2.0
URU,1964,1,20.0,159.0,54.0,1,1.0
URU,2000,1,28.0,169.0,69.0,1,1.0
USA,1896,19,23.052631,179.53847,72.27273,19,0.0
USA,1900,54,24.51923,181.65218,74.14286,54,19.0
USA,1904,231,26.70283,177.6923,71.649124,231,54.0
USA,1906,23,24.652174,181.2381,73.0,23,231.0
USA,1908,46,27.152174,180.27026,76.80556,46,23.0
USA,1912,63,26.225807,180.625,78.82927,63,46.0
USA,1920,95,25.957895,176.18033,74.70968,95,63.0
USA,1924,99,24.040403,175.61017,75.13513,99,95.0
USA,1928,56,21.285715,180.27272,75.62069,56,99.0
USA,1932,110,24.718182,178.18182,72.0,110,56.0
USA,1936,57,22.85965,183.14815,74.75,57,110.0
USA,1948,84,24.928572,180.67647,78.4079,84,57.0
USA,1952,76,24.302631,180.11765,78.9434,76,84.0
USA,1956,74,23.5,178.21622,76.804054,74,76.0
USA,1960,71,23.830986,180.83098,78.62676,71,74.0
USA,1964,90,22.655556,178.87778,75.26667,90,71.0
USA,1968,107,21.17757,178.71028,72.57009,107,90.0
USA,1972,94,22.031916,180.69148,75.047874,94,107.0
USA,1976,94,22.457447,180.88298,75.23404,94,94.0
USA,1984,173,23.647398,176.36995,71.23988,173,94.0
USA,1988,94,24.819149,179.46808,73.75532,94,173.0
USA,1992,108,25.185184,177.14954,71.88785,108,94.0
USA,1996,101,25.861385,177.4433,74.02062,101,108.0
USA,2000,91,25.747253,179.15384,75.82417,91,101.0
USA,2004,101,25.059406,177.38614,72.89109,101,91.0
USA,2008,110,24.8,178.76364,75.44037,110,101.0
USA,2012,103,25.563107,178.03883,73.62136,103,110.0
USA,2016,121,25.603306,177.63637,73.95868,121,103.0
UZB,1996,2,22.5,184.0,85.5,2,0.0
UZB,2000,4,23.25,183.5,89.75,4,2.0
UZB,2004,5,23.6,180.8,83.8,5,4.0
UZB,2008,6,25.333334,175.33333,83.333336,6,5.0
UZB,2012,3,28.0,181.33333,87.0,3,6.0
UZB,2016,13,24.307692,171.3077,70.15385,13,3.0
VEN,1952,1,20.0,187.0,70.0,1,0.0
VEN,1960,1,52.0,171.0,60.0,1,1.0
VEN,1968,1,23.0,174.0,60.0,1,1.0
VEN,1976,1,21.0,178.0,67.0,1,1.0
VEN,1980,1,20.0,165.0,54.0,1,1.0
VEN,1984,3,20.0,170.33333,59.0,3,1.0
VEN,2004,2,26.5,171.0,71.5,2,3.0
VEN,2008,1,24.0,155.0,49.0,1,2.0
VEN,2012,1,26.0,175.0,75.0,1,1.0
VEN,2016,3,21.333334,175.0,63.0,3,1.0
VIE,2000,1,26.0,157.0,47.0,1,0.0
VIE,2008,1,23.0,152.0,56.0,1,1.0
VIE,2016,2,41.0,175.0,75.0,2,1.0
WIF,1960,2,26.0,177.5,67.0,2,0.0
YUG,1924,2,25.0,179.19395,78.239655,2,0.0
YUG,1928,5,29.2,179.19395,78.239655,5,2.0
YUG,1936,1,37.0,179.19395,78.239655,1,5.0
YUG,1948,2,26.5,172.0,83.0,2,1.0
YUG,1952,3,26.0,184.0,82.0,3,2.0
YUG,1956,3,28.333334,175.0,58.0,3,3.0
YUG,1960,2,22.5,173.0,73.0,2,3.0
YUG,1964,5,25.0,177.8,82.2,5,2.0
YUG,1968,8,26.75,176.875,78.875,8,5.0
YUG,1972,5,27.4,181.0,84.2,5,8.0
YUG,1976,8,22.875,181.375,77.0,8,5.0
YUG,1980,9,23.88889,187.88889,83.888885,9,8.0
YUG,1984,18,25.666666,180.77777,81.388885,18,9.0
YUG,1988,12,22.916666,181.41667,77.083336,12,18.0
ZAM,1984,1,27.0,183.0,81.0,1,0.0
ZAM,1996,1,27.0,183.0,81.0,1,1.0
ZIM,1980,1,30.0,168.0,65.0,1,0.0
ZIM,2004,3,20.0,176.0,64.0,3,1.0
ZIM,2008,4,24.0,176.0,64.0,4,3.0
